ID,name,createdAt,createdBy,modifiedAt,modifiedBy
18319435-7e3d-4a47-a16b-3f7204c64743,name-18319435,2017-10-04T00:00:00.000Z,createdBy.awnd7@example.net,2011-07-26T00:00:00.000Z,modifiedBy.awnd7@example.org
99850361-7795-4f43-9760-ef423df6c010,name-998503,2017-01-10T00:00:00.000Z,createdBy.leg7@example.net,2006-07-20T00:00:00.000Z,modifiedBy.leg7@example.com
998504aa-4ca4-4268-9dd9-7c414f962d98,name-998504,2017-07-20T00:00:00.000Z,createdBy.leg8@example.org,2006-06-09T00:00:00.000Z,modifiedBy.leg8@example.org
998505f9-0668-40ff-b94a-6063534c5ff9,name-998505,2006-04-07T00:00:00.000Z,createdBy.leg9@example.net,2010-07-24T00:00:00.000Z,modifiedBy.leg9@example.com
9985067a-7b9f-4dd6-92a7-61ff2f4a2001,name-998506,2006-10-29T00:00:00.000Z,createdBy.lega@example.org,2014-03-20T00:00:00.000Z,modifiedBy.lega@example.org
998507ae-f36d-4b79-993b-ecc6bbb7c45b,name-998507,2005-08-23T00:00:00.000Z,createdBy.legb@example.com,2000-02-02T00:00:00.000Z,modifiedBy.legb@example.com
99850899-5635-4d5a-bb42-b97b6b653346,name-998508,2006-07-28T00:00:00.000Z,createdBy.legc@example.com,2017-02-01T00:00:00.000Z,modifiedBy.legc@example.org
998509a3-268d-4c91-9c23-e993e01a9c23,name-998509,2006-05-17T00:00:00.000Z,createdBy.legd@example.com,2002-05-17T00:00:00.000Z,modifiedBy.legd@example.net
99851011-c92c-403a-81c2-d9184bde6a5f,name-998510,2002-03-02T00:00:00.000Z,createdBy.lege@example.com,2022-05-05T00:00:00.000Z,modifiedBy.lege@example.net
9985111c-6573-4698-b5c8-d8d5a2e4d6bb,name-998511,2006-05-29T00:00:00.000Z,createdBy.legf@example.com,2003-03-14T00:00:00.000Z,modifiedBy.legf@example.net
9985122f-a7b6-4255-a639-92b92eac6181,name-998512,2001-01-07T00:00:00.000Z,createdBy.legg@example.org,2014-03-02T00:00:00.000Z,modifiedBy.legg@example.org
9985136f-b546-41de-aa4b-fa7ea3ecaa0f,name-998513,2003-11-25T00:00:00.000Z,createdBy.legh@example.org,2019-06-16T00:00:00.000Z,modifiedBy.legh@example.org
9985147b-2d2b-43a6-8fec-a5aff35bf286,name-998514,2009-02-09T00:00:00.000Z,createdBy.legi@example.org,2004-10-24T00:00:00.000Z,modifiedBy.legi@example.net
998515fa-93c4-4bef-bd08-39702b16ca2d,name-998515,2020-03-20T00:00:00.000Z,createdBy.legj@example.org,2006-11-23T00:00:00.000Z,modifiedBy.legj@example.com
99851664-832b-422b-843f-3ef4e6a4fe91,name-998516,2019-09-14T00:00:00.000Z,createdBy.legk@example.net,2007-04-23T00:00:00.000Z,modifiedBy.legk@example.org
998517fe-62af-4df0-9cb0-aa59abd23232,name-998517,2007-07-26T00:00:00.000Z,createdBy.legl@example.net,2000-11-29T00:00:00.000Z,modifiedBy.legl@example.com
998518d7-057d-464f-bcac-2983e47f5454,name-998518,2001-06-24T00:00:00.000Z,createdBy.legm@example.org,2018-03-24T00:00:00.000Z,modifiedBy.legm@example.net
99851951-3fda-4bc2-ba54-55b3869ff209,name-998519,2011-03-10T00:00:00.000Z,createdBy.legn@example.com,2013-10-29T00:00:00.000Z,modifiedBy.legn@example.com
998520a9-2d83-4331-95c8-1cdc63547984,name-998520,2008-02-26T00:00:00.000Z,createdBy.lego@example.org,2011-10-19T00:00:00.000Z,modifiedBy.lego@example.com
99852162-6ebb-4ca6-84b3-1ea8cd588f17,name-998521,2023-01-19T00:00:00.000Z,createdBy.legp@example.net,2019-07-21T00:00:00.000Z,modifiedBy.legp@example.net
99852296-b71c-4322-8a25-2b824456806c,name-998522,2017-03-13T00:00:00.000Z,createdBy.legq@example.org,2014-11-12T00:00:00.000Z,modifiedBy.legq@example.org
99852384-ae0b-46e9-9539-ec824a2622fc,name-998523,2012-06-27T00:00:00.000Z,createdBy.legr@example.org,2022-01-03T00:00:00.000Z,modifiedBy.legr@example.net
9985249a-5c85-4b98-b33c-46a7f45e491e,name-998524,2001-01-06T00:00:00.000Z,createdBy.legs@example.com,2021-03-27T00:00:00.000Z,modifiedBy.legs@example.com
998525d0-670c-4042-88e8-a4e54aa404fe,name-998525,2002-03-23T00:00:00.000Z,createdBy.legt@example.com,2006-09-21T00:00:00.000Z,modifiedBy.legt@example.org
9985263d-bbda-4e79-87b4-bc4a06613f42,name-998526,2010-01-19T00:00:00.000Z,createdBy.legu@example.com,2017-09-15T00:00:00.000Z,modifiedBy.legu@example.com
998527f2-4a75-44ae-be8a-46076208d219,name-998527,2012-08-11T00:00:00.000Z,createdBy.legv@example.net,2002-07-16T00:00:00.000Z,modifiedBy.legv@example.com
9985286d-faa2-4643-ac6b-b524ff28322c,name-998528,2003-10-17T00:00:00.000Z,createdBy.legw@example.net,2008-04-16T00:00:00.000Z,modifiedBy.legw@example.org
998529f0-d81f-4de8-831b-6f24d48f2287,name-998529,2002-04-09T00:00:00.000Z,createdBy.legx@example.com,2009-10-02T00:00:00.000Z,modifiedBy.legx@example.org
99853021-26a4-46ef-89c2-1830eea92322,name-998530,2005-12-09T00:00:00.000Z,createdBy.legy@example.net,2007-04-08T00:00:00.000Z,modifiedBy.legy@example.net
99853143-b20b-45cf-b352-b6cb7c0dec72,name-998531,2022-07-11T00:00:00.000Z,createdBy.legz@example.org,2023-03-05T00:00:00.000Z,modifiedBy.legz@example.org
99853264-008f-4d01-8d78-1ce7ed9af073,name-998532,2013-05-14T00:00:00.000Z,createdBy.leh0@example.net,2019-08-18T00:00:00.000Z,modifiedBy.leh0@example.net
9985333f-321c-47bc-be2e-436c26f7288b,name-998533,2004-08-17T00:00:00.000Z,createdBy.leh1@example.org,2011-09-18T00:00:00.000Z,modifiedBy.leh1@example.com
9985347e-630c-4629-8070-0e4aae3e5541,name-998534,2002-06-06T00:00:00.000Z,createdBy.leh2@example.org,2018-04-28T00:00:00.000Z,modifiedBy.leh2@example.org
99853566-7149-471b-acd2-5f5819af9378,name-998535,2001-08-20T00:00:00.000Z,createdBy.leh3@example.net,2007-06-09T00:00:00.000Z,modifiedBy.leh3@example.com
9985365e-4dfb-4edb-a8a9-18703c5409a1,name-998536,2005-09-03T00:00:00.000Z,createdBy.leh4@example.com,2010-05-24T00:00:00.000Z,modifiedBy.leh4@example.com
998537f8-8ea3-424d-b492-306d9ac227c2,name-998537,2018-10-12T00:00:00.000Z,createdBy.leh5@example.com,2010-03-24T00:00:00.000Z,modifiedBy.leh5@example.com
9985381a-f132-4346-98d7-e8f2b101365a,name-998538,2013-04-12T00:00:00.000Z,createdBy.leh6@example.com,2010-05-14T00:00:00.000Z,modifiedBy.leh6@example.net
99853984-6e0c-46ea-97d1-0427dfc61eb9,name-998539,2022-10-12T00:00:00.000Z,createdBy.leh7@example.org,2014-06-29T00:00:00.000Z,modifiedBy.leh7@example.com
99854039-fdf8-4e8c-9777-8d56a27d2e69,name-998540,2005-10-26T00:00:00.000Z,createdBy.leh8@example.com,2021-08-16T00:00:00.000Z,modifiedBy.leh8@example.com
998541e4-88d6-46d6-be0c-e3bfadd6c48e,name-998541,2018-04-10T00:00:00.000Z,createdBy.leh9@example.net,2015-02-21T00:00:00.000Z,modifiedBy.leh9@example.net
9985429d-466d-475b-99a5-765eb108b1e8,name-998542,2003-04-05T00:00:00.000Z,createdBy.leha@example.net,2012-11-23T00:00:00.000Z,modifiedBy.leha@example.com
998543cb-e82a-46c6-b03c-4043b1ebed67,name-998543,2018-11-08T00:00:00.000Z,createdBy.lehb@example.org,2007-10-03T00:00:00.000Z,modifiedBy.lehb@example.org
998544ce-bd0e-417b-b667-601d7439080a,name-998544,2012-09-27T00:00:00.000Z,createdBy.lehc@example.com,2019-12-10T00:00:00.000Z,modifiedBy.lehc@example.org
9985459d-08bb-41cf-a61a-02899971ddec,name-998545,2014-09-21T00:00:00.000Z,createdBy.lehd@example.org,2012-04-06T00:00:00.000Z,modifiedBy.lehd@example.net
99854609-0676-432f-a25c-9bdd007d2274,name-998546,2019-02-02T00:00:00.000Z,createdBy.lehe@example.org,2021-03-18T00:00:00.000Z,modifiedBy.lehe@example.org
99854764-13b3-4ab1-bb6d-4e5e48d70bda,name-998547,2017-10-09T00:00:00.000Z,createdBy.lehf@example.com,2016-08-10T00:00:00.000Z,modifiedBy.lehf@example.net
99854829-3340-4b46-addb-8ba5180939d4,name-998548,2012-04-18T00:00:00.000Z,createdBy.lehg@example.net,2017-05-24T00:00:00.000Z,modifiedBy.lehg@example.org
9985495f-bb63-4514-a870-2947afa89a42,name-998549,2001-11-17T00:00:00.000Z,createdBy.lehh@example.org,2022-01-21T00:00:00.000Z,modifiedBy.lehh@example.org
9985500e-174b-41cf-a247-6cd1ca9ed9d6,name-998550,2023-08-02T00:00:00.000Z,createdBy.lehi@example.org,2019-06-28T00:00:00.000Z,modifiedBy.lehi@example.net
998551e7-df9f-44dd-82e4-a81db014cba0,name-998551,2017-05-10T00:00:00.000Z,createdBy.lehj@example.org,2014-11-23T00:00:00.000Z,modifiedBy.lehj@example.net
99855270-26b6-495a-9347-74f586655608,name-998552,2013-07-21T00:00:00.000Z,createdBy.lehk@example.com,2019-07-19T00:00:00.000Z,modifiedBy.lehk@example.org
9985532e-0761-43f3-b9c9-3caf7e98ef64,name-998553,2017-10-23T00:00:00.000Z,createdBy.lehl@example.net,2017-06-06T00:00:00.000Z,modifiedBy.lehl@example.net
99855425-2eb3-4ecb-b197-6824d3bc73e5,name-998554,2019-03-28T00:00:00.000Z,createdBy.lehm@example.net,2005-11-15T00:00:00.000Z,modifiedBy.lehm@example.net
9985552b-eec8-475a-8c47-581ebe897d22,name-998555,2017-08-09T00:00:00.000Z,createdBy.lehn@example.net,2003-07-22T00:00:00.000Z,modifiedBy.lehn@example.org
998556d4-7623-4e39-8a52-45e7b1e0b02e,name-998556,2005-01-18T00:00:00.000Z,createdBy.leho@example.net,2014-09-07T00:00:00.000Z,modifiedBy.leho@example.org
99855761-e04b-474c-af33-9e05af0710a0,name-998557,2022-07-17T00:00:00.000Z,createdBy.lehp@example.net,2021-12-28T00:00:00.000Z,modifiedBy.lehp@example.org
998558e2-e881-4a5d-8795-ebe5474fca9f,name-998558,2009-10-08T00:00:00.000Z,createdBy.lehq@example.com,2023-11-03T00:00:00.000Z,modifiedBy.lehq@example.com
99855938-26f2-45f4-9546-fcd187a2dc5f,name-998559,2003-09-03T00:00:00.000Z,createdBy.lehr@example.com,2015-06-30T00:00:00.000Z,modifiedBy.lehr@example.com
9985601a-67a8-4821-9894-275d7574ac0b,name-998560,2017-10-13T00:00:00.000Z,createdBy.lehs@example.net,2002-08-21T00:00:00.000Z,modifiedBy.lehs@example.org
998561e1-011c-473b-98a9-dce5fb0ffdfb,name-998561,2014-12-30T00:00:00.000Z,createdBy.leht@example.net,2012-05-21T00:00:00.000Z,modifiedBy.leht@example.org
99856210-422f-4b98-8a43-179a0f1891d0,name-998562,2009-03-23T00:00:00.000Z,createdBy.lehu@example.org,2000-05-05T00:00:00.000Z,modifiedBy.lehu@example.org
998563ae-9f2b-4398-b695-771f41c279ac,name-998563,2002-04-03T00:00:00.000Z,createdBy.lehv@example.org,2019-09-20T00:00:00.000Z,modifiedBy.lehv@example.net
9985643f-5a67-46b3-a434-7b4ba0167948,name-998564,2006-12-26T00:00:00.000Z,createdBy.lehw@example.org,2009-01-29T00:00:00.000Z,modifiedBy.lehw@example.net
9985654e-9eab-4e58-82f9-9a7920afe7fe,name-998565,2009-04-29T00:00:00.000Z,createdBy.lehx@example.net,2022-09-27T00:00:00.000Z,modifiedBy.lehx@example.org
998566b9-19b9-4f6b-9160-691b88a33af8,name-998566,2023-10-22T00:00:00.000Z,createdBy.lehy@example.com,2003-02-08T00:00:00.000Z,modifiedBy.lehy@example.com
998567a8-dfaf-464e-8087-d5703b7f557e,name-998567,2016-04-25T00:00:00.000Z,createdBy.lehz@example.net,2008-03-07T00:00:00.000Z,modifiedBy.lehz@example.org
9985682c-c6c0-413e-8cd3-0a64bd44daa4,name-998568,2005-08-09T00:00:00.000Z,createdBy.lei0@example.org,2020-03-11T00:00:00.000Z,modifiedBy.lei0@example.net
998569a6-6d25-4407-b665-893e8a108647,name-998569,2003-12-13T00:00:00.000Z,createdBy.lei1@example.com,2007-02-22T00:00:00.000Z,modifiedBy.lei1@example.net
998570c3-435d-449a-a68c-a84a794dbd5c,name-998570,2004-12-04T00:00:00.000Z,createdBy.lei2@example.com,2001-04-25T00:00:00.000Z,modifiedBy.lei2@example.com
9985718f-de07-4548-8972-7a436d8cb293,name-998571,2002-06-09T00:00:00.000Z,createdBy.lei3@example.org,2007-07-26T00:00:00.000Z,modifiedBy.lei3@example.com
99857219-9f0b-451e-8965-9109edd9db10,name-998572,2023-05-31T00:00:00.000Z,createdBy.lei4@example.com,2001-12-03T00:00:00.000Z,modifiedBy.lei4@example.com
998573b1-f22a-4064-a94e-fa9457f66529,name-998573,2020-06-15T00:00:00.000Z,createdBy.lei5@example.net,2020-11-07T00:00:00.000Z,modifiedBy.lei5@example.org
9985745b-38e1-4a04-bd3f-80b6f9f74f15,name-998574,2003-08-21T00:00:00.000Z,createdBy.lei6@example.net,2020-08-16T00:00:00.000Z,modifiedBy.lei6@example.com
998575d9-3529-41bd-87c3-3a6769f14ac0,name-998575,2004-11-05T00:00:00.000Z,createdBy.lei7@example.org,2023-04-21T00:00:00.000Z,modifiedBy.lei7@example.com
99857696-7b5c-4d4c-9236-d840c8bcc5ab,name-998576,2009-09-18T00:00:00.000Z,createdBy.lei8@example.com,2021-11-02T00:00:00.000Z,modifiedBy.lei8@example.net
998577ba-f39b-4042-bcfd-7b35782c3d64,name-998577,2021-05-09T00:00:00.000Z,createdBy.lei9@example.org,2020-09-29T00:00:00.000Z,modifiedBy.lei9@example.org
998578cd-d96a-4857-bca1-529d193ccee4,name-998578,2003-11-27T00:00:00.000Z,createdBy.leia@example.org,2018-01-11T00:00:00.000Z,modifiedBy.leia@example.com
998579c8-dd83-4a89-b118-78fc3c06d0b3,name-998579,2019-05-06T00:00:00.000Z,createdBy.leib@example.net,2015-04-18T00:00:00.000Z,modifiedBy.leib@example.com
998580b4-ef7d-49f9-b0cd-433761673a20,name-998580,2022-09-04T00:00:00.000Z,createdBy.leic@example.org,2014-08-22T00:00:00.000Z,modifiedBy.leic@example.org
99858104-9fd3-4035-b709-a4adfe6ec4bb,name-998581,2021-03-03T00:00:00.000Z,createdBy.leid@example.org,2001-05-01T00:00:00.000Z,modifiedBy.leid@example.net
99858284-fc04-43f0-872e-2edb3101e4b5,name-998582,2017-03-06T00:00:00.000Z,createdBy.leie@example.com,2018-03-19T00:00:00.000Z,modifiedBy.leie@example.org
998583c8-87cf-4cc7-8385-d5aea3ebae64,name-998583,2010-10-12T00:00:00.000Z,createdBy.leif@example.org,2001-12-19T00:00:00.000Z,modifiedBy.leif@example.org
998584ce-7881-4d7c-ada4-5bf09e2a0f2f,name-998584,2013-12-21T00:00:00.000Z,createdBy.leig@example.net,2002-04-26T00:00:00.000Z,modifiedBy.leig@example.org
99858560-e9ee-4d47-89eb-69ba19c795b9,name-998585,2002-01-29T00:00:00.000Z,createdBy.leih@example.com,2022-06-30T00:00:00.000Z,modifiedBy.leih@example.org
99858613-1de0-421e-a198-1904471e22ab,name-998586,2023-03-31T00:00:00.000Z,createdBy.leii@example.net,2006-12-27T00:00:00.000Z,modifiedBy.leii@example.com
9985872d-c2b7-4036-b179-6ba37d6e39cd,name-998587,2004-07-20T00:00:00.000Z,createdBy.leij@example.org,2005-10-16T00:00:00.000Z,modifiedBy.leij@example.org
9985886b-7b61-495d-bc5b-d196dc4aecfe,name-998588,2005-04-04T00:00:00.000Z,createdBy.leik@example.net,2008-05-15T00:00:00.000Z,modifiedBy.leik@example.com
998589c2-4638-45df-a7a2-0c60fbcf1314,name-998589,2000-01-31T00:00:00.000Z,createdBy.leil@example.org,2020-12-25T00:00:00.000Z,modifiedBy.leil@example.org
99859072-2036-45f7-873c-f4bbe9ac0a90,name-998590,2022-12-28T00:00:00.000Z,createdBy.leim@example.com,2009-09-26T00:00:00.000Z,modifiedBy.leim@example.org
9985915d-30e8-461f-b652-e84e45bf4e06,name-998591,2018-02-25T00:00:00.000Z,createdBy.lein@example.org,2009-10-31T00:00:00.000Z,modifiedBy.lein@example.com
99859254-ca6d-4081-880f-feebcdad2209,name-998592,2001-05-06T00:00:00.000Z,createdBy.leio@example.org,2018-04-22T00:00:00.000Z,modifiedBy.leio@example.org
99859379-3417-4710-863f-8f0872a82c08,name-998593,2015-01-02T00:00:00.000Z,createdBy.leip@example.com,2017-01-24T00:00:00.000Z,modifiedBy.leip@example.com
9985949c-3bf5-4261-9d46-a3dba8e29e14,name-998594,2016-09-10T00:00:00.000Z,createdBy.leiq@example.org,2001-02-04T00:00:00.000Z,modifiedBy.leiq@example.org
99859508-ee4f-48bc-b730-41c8b9f0ea3d,name-998595,2012-08-12T00:00:00.000Z,createdBy.leir@example.net,2003-12-31T00:00:00.000Z,modifiedBy.leir@example.org
9985968d-1ff2-4695-a4e5-44cfe2f34096,name-998596,2021-06-21T00:00:00.000Z,createdBy.leis@example.org,2008-08-21T00:00:00.000Z,modifiedBy.leis@example.com
998597ad-be25-4450-b091-0070c29c55b7,name-998597,2009-10-26T00:00:00.000Z,createdBy.leit@example.com,2005-07-28T00:00:00.000Z,modifiedBy.leit@example.com
9985989f-b402-463f-8b51-d5547c98516d,name-998598,2007-02-01T00:00:00.000Z,createdBy.leiu@example.net,2022-06-30T00:00:00.000Z,modifiedBy.leiu@example.com
998599a3-9534-4c16-abc4-a6885cd0c9ee,name-998599,2018-01-18T00:00:00.000Z,createdBy.leiv@example.com,2020-07-11T00:00:00.000Z,modifiedBy.leiv@example.com
998600cc-5dc1-44ab-b474-db92d97d369c,name-998600,2010-04-02T00:00:00.000Z,createdBy.leiw@example.org,2023-07-30T00:00:00.000Z,modifiedBy.leiw@example.com
99860157-3f68-48f9-90d1-cc3640bcfa10,name-998601,2012-08-12T00:00:00.000Z,createdBy.leix@example.net,2015-05-22T00:00:00.000Z,modifiedBy.leix@example.com